PassengerId,Survived,Pclass,Sex,Embarked,Title,FamilySize,AgeCategory
1,0,3,1,1,1,1,1
2,1,1,0,3,3,1,2
3,1,3,0,1,2,0,2
4,1,1,0,1,3,1,2
5,0,3,1,1,1,0,2
6,0,3,1,2,1,0,2
7,0,1,1,1,1,0,3
8,0,3,1,1,4,4,1
9,1,3,0,1,3,2,2
10,1,2,0,3,3,1,1
11,1,3,0,1,2,2,1
12,1,1,0,1,2,0,3
13,0,3,1,1,1,0,1
14,0,3,1,1,1,6,2
15,0,3,0,1,2,0,1
16,1,2,0,1,3,0,3
17,0,3,1,2,4,5,1
18,1,2,1,1,1,0,2
19,0,3,0,1,3,1,2
20,1,3,0,3,3,0,2
21,0,2,1,1,1,0,2
22,1,2,1,1,1,0,2
23,1,3,0,2,2,0,1
24,1,1,1,1,1,0,2
25,0,3,0,1,2,4,1
26,1,3,0,1,3,6,2
27,0,3,1,3,1,0,2
28,0,1,1,1,1,5,1
29,1,3,0,2,2,0,2
30,0,3,1,1,1,0,2
31,0,1,1,3,13,0,2
32,1,1,0,3,3,1,2
33,1,3,0,2,2,0,2
34,0,2,1,1,1,0,3
35,0,1,1,3,1,1,2
36,0,1,1,1,1,1,2
37,1,3,1,3,1,0,2
38,0,3,1,1,1,0,1
39,0,3,0,1,2,2,1
40,1,3,0,3,2,1,1
41,0,3,0,1,3,1,2
42,0,2,0,1,3,1,2
43,0,3,1,3,1,0,2
44,1,2,0,3,2,3,1
45,1,3,0,2,2,0,1
46,0,3,1,1,1,0,2
47,0,3,1,2,1,1,2
48,1,3,0,2,2,0,2
49,0,3,1,3,1,2,2
50,0,3,0,1,3,1,1
51,0,3,1,1,4,5,1
52,0,3,1,1,1,0,1
53,1,1,0,3,3,1,2
54,1,2,0,1,3,1,2
55,0,1,1,3,1,1,3
56,1,1,1,1,1,0,2
57,1,2,0,1,2,0,1
58,0,3,1,3,1,0,2
59,1,2,0,1,2,3,1
60,0,3,1,1,4,7,1
61,0,3,1,3,1,0,1
62,1,1,0,1,2,0,2
63,0,1,1,1,1,1,2
64,0,3,1,1,4,5,1
65,0,1,1,3,1,0,2
66,1,3,1,3,4,2,2
67,1,2,0,1,3,0,2
68,0,3,1,1,1,0,1
69,1,3,0,1,2,6,1
70,0,3,1,1,1,2,2
71,0,2,1,1,1,0,2
72,0,3,0,1,2,7,1
73,0,2,1,1,1,0,1
74,0,3,1,3,1,1,2
75,1,3,1,1,1,0,2
76,0,3,1,1,1,0,1
77,0,3,1,1,1,0,2
78,0,3,1,1,1,0,2
79,1,2,1,1,4,2,1
80,1,3,0,1,2,0,2
81,0,3,1,1,1,0,1
82,1,3,1,1,1,0,2
83,1,3,0,2,2,0,2
84,0,1,1,1,1,0,2
85,1,2,0,1,2,0,1
86,1,3,0,1,3,3,2
87,0,3,1,1,1,4,1
88,0,3,1,1,1,0,2
89,1,1,0,1,2,5,1
90,0,3,1,1,1,0,1
91,0,3,1,1,1,0,2
92,0,3,1,1,1,0,1
93,0,1,1,1,1,1,2
94,0,3,1,1,1,3,2
95,0,3,1,1,1,0,3
96,0,3,1,1,1,0,2
97,0,1,1,3,1,0,3
98,1,1,1,3,1,1,1
99,1,2,0,1,3,1,2
100,0,2,1,1,1,1,2
101,0,3,0,1,2,0,2
102,0,3,1,1,1,0,2
103,0,1,1,1,1,1,1
104,0,3,1,1,1,0,2
105,0,3,1,1,1,2,2
106,0,3,1,1,1,0,2
107,1,3,0,1,2,0,1
108,1,3,1,1,1,0,2
109,0,3,1,1,1,0,2
110,1,3,0,2,2,1,2
111,0,1,1,1,1,0,2
112,0,3,0,3,2,1,1
113,0,3,1,1,1,0,1
114,0,3,0,1,2,1,1
115,0,3,0,3,2,0,1
116,0,3,1,1,1,0,1
117,0,3,1,2,1,0,3
118,0,2,1,1,1,1,2
119,0,1,1,3,1,1,1
120,0,3,0,1,2,6,1
121,0,2,1,1,1,2,1
122,0,3,1,1,1,0,2
123,0,2,1,3,1,1,2
124,1,2,0,1,2,0,2
125,0,1,1,1,1,1,3
126,1,3,1,3,4,1,1
127,0,3,1,2,1,0,2
128,1,3,1,1,1,0,1
129,1,3,0,3,2,2,2
130,0,3,1,1,1,0,2
131,0,3,1,3,1,0,2
132,0,3,1,1,1,0,1
133,0,3,0,1,3,1,2
134,1,2,0,1,3,1,2
135,0,2,1,1,1,0,1
136,0,2,1,3,1,0,1
137,1,1,0,1,2,2,1
138,0,1,1,1,1,1,2
139,0,3,1,1,1,0,1
140,0,1,1,3,1,0,1
141,0,3,0,3,3,2,2
142,1,3,0,1,2,0,1
143,1,3,0,1,3,1,1
144,0,3,1,2,1,0,1
145,0,2,1,1,1,0,1
146,0,2,1,1,1,2,1
147,1,3,1,1,1,0,2
148,0,3,0,1,2,4,1
149,0,2,1,1,1,2,2
150,0,2,1,1,6,0,2
151,0,2,1,1,6,0,3
152,1,1,0,1,3,1,1
153,0,3,1,1,1,0,3
154,0,3,1,1,1,2,2
155,0,3,1,1,1,0,2
156,0,1,1,3,1,1,3
157,1,3,0,2,2,0,1
158,0,3,1,1,1,0,2
159,0,3,1,1,1,0,2
160,0,3,1,1,4,10,2
161,0,3,1,1,1,1,2
162,1,2,0,1,3,0,2
163,0,3,1,1,1,0,2
164,0,3,1,1,1,0,1
165,0,3,1,1,4,5,1
166,1,3,1,1,4,2,1
167,1,1,0,1,3,1,2
168,0,3,0,1,3,5,2
169,0,1,1,1,1,0,2
170,0,3,1,1,1,0,2
171,0,1,1,1,1,0,3
172,0,3,1,2,4,5,1
173,1,3,0,1,2,2,1
174,0,3,1,1,1,0,1
175,0,1,1,3,1,0,3
176,0,3,1,1,1,2,1
177,0,3,1,1,4,4,2
178,0,1,0,3,2,0,2
179,0,2,1,1,1,0,2
180,0,3,1,1,1,0,2
181,0,3,0,1,2,10,2
182,0,2,1,3,1,0,2
183,0,3,1,1,4,6,1
184,1,2,1,1,4,3,1
185,1,3,0,1,2,2,1
186,0,1,1,1,1,0,2
187,1,3,0,2,3,1,2
188,1,1,1,1,1,0,2
189,0,3,1,2,1,2,2
190,0,3,1,1,1,0,2
191,1,2,0,1,3,0,2
192,0,2,1,1,1,0,1
193,1,3,0,1,2,1,1
194,1,2,1,1,4,2,1
195,1,1,0,3,3,0,2
196,1,1,0,3,2,0,3
197,0,3,1,2,1,0,2
198,0,3,1,1,1,1,2
199,1,3,0,2,2,0,2
200,0,2,0,1,2,0,1
201,0,3,1,1,1,0,2
202,0,3,1,1,1,10,2
203,0,3,1,1,1,0,2
204,0,3,1,3,1,0,2
205,1,3,1,1,1,0,1
206,0,3,0,1,2,1,1
207,0,3,1,1,1,1,2
208,1,3,1,3,1,0,2
209,1,3,0,2,2,0,1
210,1,1,1,3,1,0,2
211,0,3,1,1,1,0,1
212,1,2,0,1,2,0,2
213,0,3,1,1,1,0,1
214,0,2,1,1,1,0,2
215,0,3,1,2,1,1,2
216,1,1,0,3,2,1,2
217,1,3,0,1,2,0,2
218,0,2,1,1,1,1,2
219,1,1,0,3,2,0,2
220,0,2,1,1,1,0,2
221,1,3,1,1,1,0,1
222,0,2,1,1,1,0,2
223,0,3,1,1,1,0,3
224,0,3,1,1,1,0,2
225,1,1,1,1,1,1,2
226,0,3,1,1,1,0,1
227,1,2,1,1,1,0,1
228,0,3,1,1,1,0,1
229,0,2,1,1,1,0,1
230,0,3,0,1,2,4,2
231,1,1,0,1,3,1,2
232,0,3,1,1,1,0,2
233,0,2,1,1,1,0,3
234,1,3,0,1,2,6,1
235,0,2,1,1,1,0,1
236,0,3,0,1,2,0,2
237,0,2,1,1,1,1,2
238,1,2,0,1,2,2,1
239,0,2,1,1,1,0,1
240,0,2,1,1,1,0,2
241,0,3,0,3,2,1,2
242,1,3,0,2,2,1,2
243,0,2,1,1,1,0,2
244,0,3,1,1,1,0,1
245,0,3,1,3,1,0,2
246,0,1,1,2,5,2,2
247,0,3,0,1,2,0,1
248,1,2,0,1,3,2,1
249,1,1,1,1,1,2,2
250,0,2,1,1,6,1,3
251,0,3,1,1,1,0,2
252,0,3,0,1,3,2,2
253,0,1,1,1,1,0,3
254,0,3,1,1,1,1,2
255,0,3,0,1,3,2,2
256,1,3,0,3,3,2,2
257,1,1,0,3,3,0,2
258,1,1,0,1,2,0,2
259,1,1,0,3,2,0,2
260,1,2,0,1,3,1,2
261,0,3,1,2,1,0,2
262,1,3,1,1,4,6,1
263,0,1,1,1,1,2,3
264,0,1,1,1,1,0,2
265,0,3,0,2,2,0,2
266,0,2,1,1,1,0,2
267,0,3,1,1,1,5,1
268,1,3,1,1,1,1,1
269,1,1,0,1,3,1,3
270,1,1,0,1,2,0,2
271,0,1,1,1,1,0,2
272,1,3,1,1,1,0,1
273,1,2,0,1,3,1,2
274,0,1,1,3,1,1,2
275,1,3,0,2,2,0,2
276,1,1,0,1,2,1,3
277,0,3,0,1,2,0,2
278,0,2,1,1,1,0,2
279,0,3,1,2,4,5,1
280,1,3,0,1,3,2,2
281,0,3,1,2,1,0,3
282,0,3,1,1,1,0,2
283,0,3,1,1,1,0,1
284,1,3,1,1,1,0,1
285,0,1,1,1,1,0,2
286,0,3,1,3,1,0,2
287,1,3,1,1,1,0,2
288,0,3,1,1,1,0,1
289,1,2,1,1,1,0,2
290,1,3,0,2,2,0,1
291,1,1,0,1,2,0,2
292,1,1,0,3,3,1,1
293,0,2,1,3,1,0,2
294,0,3,0,1,2,0,1
295,0,3,1,1,1,0,1
296,0,1,1,3,1,0,2
297,0,3,1,3,1,0,1
298,0,1,0,1,2,3,1
299,1,1,1,1,1,0,2
300,1,1,0,3,3,1,2
301,1,3,0,2,2,0,2
302,1,3,1,2,1,2,2
303,0,3,1,1,1,0,1
304,1,2,0,2,2,0,2
305,0,3,1,1,1,0,2
306,1,1,1,1,4,3,1
307,1,1,0,3,2,0,2
308,1,1,0,3,3,1,1
309,0,2,1,3,1,1,2
310,1,1,0,3,2,0,2
311,1,1,0,3,2,0,1
312,1,1,0,3,2,4,1
313,0,2,0,1,3,2,2
314,0,3,1,1,1,0,2
315,0,2,1,1,1,2,2
316,1,3,0,1,2,0,2
317,1,2,0,1,3,1,1
318,0,2,1,1,5,0,3
319,1,1,0,1,2,2,2
320,1,1,0,3,3,2,2
321,0,3,1,1,1,0,1
322,0,3,1,1,1,0,2
323,1,2,0,2,2,0,2
324,1,2,0,1,3,2,1
325,0,3,1,1,1,10,2
326,1,1,0,3,2,0,2
327,0,3,1,1,1,0,3
328,1,2,0,1,3,0,2
329,1,3,0,1,3,2,2
330,1,1,0,3,2,1,1
331,1,3,0,2,2,2,2
332,0,1,1,1,1,0,2
333,0,1,1,1,1,1,2
334,0,3,1,1,1,2,1
335,1,1,0,1,3,1,2
336,0,3,1,1,1,0,2
337,0,1,1,1,1,1,2
338,1,1,0,3,2,0,2
339,1,3,1,1,1,0,2
340,0,1,1,1,1,0,2
341,1,2,1,1,4,2,1
342,1,1,0,1,2,5,1
343,0,2,1,1,1,0,2
344,0,2,1,1,1,0,1
345,0,2,1,1,1,0,2
346,1,2,0,1,2,0,1
347,1,2,0,1,2,0,2
348,1,3,0,1,3,1,2
349,1,3,1,1,4,2,1
350,0,3,1,1,1,0,2
351,0,3,1,1,1,0,1
352,0,1,1,1,1,0,2
353,0,3,1,3,1,2,1
354,0,3,1,1,1,1,1
355,0,3,1,3,1,0,2
356,0,3,1,1,1,0,2
357,1,1,0,1,2,1,1
358,0,2,0,1,2,0,2
359,1,3,0,2,2,0,2
360,1,3,0,2,2,0,2
361,0,3,1,1,1,5,2
362,0,2,1,3,1,1,2
363,0,3,0,3,3,1,2
364,0,3,1,1,1,0,2
365,0,3,1,2,1,1,2
366,0,3,1,1,1,0,2
367,1,1,0,3,3,1,3
368,1,3,0,3,3,0,2
369,1,3,0,2,2,0,2
370,1,1,0,3,15,0,1
371,1,1,1,3,1,1,1
372,0,3,1,1,1,1,1
373,0,3,1,1,1,0,1
374,0,1,1,3,1,0,1
375,0,3,0,1,2,4,1
376,1,1,0,3,3,1,2
377,1,3,0,1,2,0,1
378,0,1,1,3,1,2,2
379,0,3,1,3,1,0,1
380,0,3,1,1,1,0,1
381,1,1,0,3,2,0,2
382,1,3,0,3,2,2,1
383,0,3,1,1,1,0,2
384,1,1,0,1,3,1,2
385,0,3,1,1,1,0,2
386,0,2,1,1,1,0,1
387,0,3,1,1,4,7,1
388,1,2,0,1,2,0,2
389,0,3,1,2,1,0,2
390,1,2,0,3,2,0,1
391,1,1,1,1,1,3,2
392,1,3,1,1,1,0,1
393,0,3,1,1,1,2,2
394,1,1,0,3,2,1,1
395,1,3,0,1,3,2,1
396,0,3,1,1,1,0,1
397,0,3,0,1,2,0,2
398,0,2,1,1,1,0,2
399,0,2,1,1,5,0,1
400,1,2,0,1,3,0,2
401,1,3,1,1,1,0,2
402,0,3,1,1,1,0,2
403,0,3,0,1,2,1,1
404,0,3,1,1,1,1,2
405,0,3,0,1,2,0,1
406,0,2,1,1,1,1,2
407,0,3,1,1,1,0,3
408,1,2,1,1,4,2,1
409,0,3,1,1,1,0,1
410,0,3,0,1,2,4,2
411,0,3,1,1,1,0,2
412,0,3,1,2,1,0,2
413,1,1,0,2,2,1,2
414,0,2,1,1,1,0,2
415,1,3,1,1,1,0,2
416,0,3,0,1,3,0,2
417,1,2,0,1,3,2,2
418,1,2,0,1,2,2,1
419,0,2,1,1,1,0,2
420,0,3,0,1,2,2,1
421,0,3,1,3,1,0,2
422,0,3,1,2,1,0,1
423,0,3,1,1,1,0,2
424,0,3,0,1,3,2,2
425,0,3,1,1,1,2,1
426,0,3,1,1,1,0,2
427,1,2,0,1,3,1,2
428,1,2,0,1,2,0,1
429,0,3,1,2,1,0,2
430,1,3,1,1,1,0,2
431,1,1,1,1,1,0,2
432,1,3,0,1,3,1,2
433,1,2,0,1,3,1,2
434,0,3,1,1,1,0,1
435,0,1,1,1,1,1,2
436,1,1,0,1,2,3,1
437,0,3,0,1,2,4,1
438,1,2,0,1,3,5,1
439,0,1,1,1,1,5,3
440,0,2,1,1,1,0,2
441,1,2,0,1,3,2,2
442,0,3,1,1,1,0,1
443,0,3,1,1,1,1,1
444,1,2,0,1,10,0,2
445,1,3,1,1,1,0,2
446,1,1,1,1,4,2,1
447,1,2,0,1,2,1,1
448,1,1,1,1,1,0,2
449,1,3,0,3,2,3,1
450,1,1,1,1,7,0,3
451,0,2,1,1,1,3,2
452,0,3,1,1,1,1,2
453,0,1,1,3,1,0,2
454,1,1,1,3,1,1,2
455,0,3,1,1,1,0,2
456,1,3,1,3,1,0,2
457,0,1,1,1,1,0,3
458,1,1,0,1,3,1,2
459,1,2,0,1,2,0,2
460,0,3,1,2,1,0,2
461,1,1,1,1,1,0,2
462,0,3,1,1,1,0,2
463,0,1,1,1,1,0,2
464,0,2,1,1,1,0,2
465,0,3,1,1,1,0,2
466,0,3,1,1,1,0,2
467,0,2,1,1,1,0,2
468,0,1,1,1,1,0,3
469,0,3,1,2,1,0,2
470,1,3,0,3,2,3,1
471,0,3,1,1,1,0,2
472,0,3,1,1,1,0,2
473,1,2,0,1,3,3,2
474,1,2,0,3,3,0,1
475,0,3,0,1,2,0,1
476,0,1,1,1,1,0,2
477,0,2,1,1,1,1,2
478,0,3,1,1,1,1,2
479,0,3,1,1,1,0,1
480,1,3,0,1,2,1,1
481,0,3,1,1,4,7,1
482,0,2,1,1,1,0,2
483,0,3,1,1,1,0,2
484,1,3,0,1,3,0,3
485,1,1,1,3,1,1,1
486,0,3,0,1,2,4,2
487,1,1,0,1,3,1,2
488,0,1,1,3,1,0,3
489,0,3,1,1,1,0,2
490,1,3,1,1,4,2,1
491,0,3,1,1,1,1,2
492,0,3,1,1,1,0,1
493,0,1,1,1,1,0,3
494,0,1,1,3,1,0,3
495,0,3,1,1,1,0,1
496,0,3,1,3,1,0,2
497,1,1,0,3,2,1,3
498,0,3,1,1,1,0,2
499,0,1,0,1,3,3,1
500,0,3,1,1,1,0,1
501,0,3,1,1,1,0,1
502,0,3,0,2,2,0,1
503,0,3,0,2,2,0,2
504,0,3,0,1,2,0,2
505,1,1,0,1,2,0,1
506,0,1,1,3,1,1,1
507,1,2,0,1,3,2,2
508,1,1,1,1,1,0,2
509,0,3,1,1,1,0,2
510,1,3,1,1,1,0,2
511,1,3,1,2,1,0,2
512,0,3,1,1,1,0,2
513,1,1,1,1,1,0,2
514,1,1,0,3,3,1,3
515,0,3,1,1,1,0,1
516,0,1,1,1,1,0,2
517,1,2,0,1,3,0,2
518,0,3,1,2,1,0,2
519,1,2,0,1,3,1,2
520,0,3,1,1,1,0,2
521,1,1,0,1,2,0,2
522,0,3,1,1,1,0,1
523,0,3,1,3,1,0,2
524,1,1,0,3,3,1,2
525,0,3,1,3,1,0,2
526,0,3,1,2,1,0,2
527,1,2,0,1,2,0,2
528,0,1,1,1,1,0,2
529,0,3,1,1,1,0,2
530,0,2,1,1,1,3,1
531,1,2,0,1,2,2,1
532,0,3,1,3,1,0,2
533,0,3,1,3,1,2,1
534,1,3,0,3,3,2,2
535,0,3,0,1,2,0,2
536,1,2,0,1,2,2,1
537,0,1,1,1,7,0,2
538,1,1,0,3,2,0,2
539,0,3,1,1,1,0,2
540,1,1,0,3,2,2,1
541,1,1,0,1,2,2,2
542,0,3,0,1,2,6,1
543,0,3,0,1,2,6,1
544,1,2,1,1,1,1,2
545,0,1,1,3,1,1,2
546,0,1,1,1,1,0,3
547,1,2,0,1,3,1,1
548,1,2,1,3,1,0,2
549,0,3,1,1,1,2,2
550,1,2,1,1,4,2,1
551,1,1,1,3,1,2,1
552,0,2,1,1,1,0,2
553,0,3,1,2,1,0,2
554,1,3,1,3,1,0,1
555,1,3,0,1,2,0,1
556,0,1,1,1,1,0,3
557,1,1,0,3,11,1,2
558,0,1,1,3,1,0,2
559,1,1,0,1,3,2,2
560,1,3,0,1,3,1,2
561,0,3,1,2,1,0,2
562,0,3,1,1,1,0,2
563,0,2,1,1,1,0,2
564,0,3,1,1,1,0,2
565,0,3,0,1,2,0,2
566,0,3,1,1,1,2,1
567,0,3,1,1,1,0,1
568,0,3,0,1,3,4,2
569,0,3,1,3,1,0,2
570,1,3,1,1,1,0,2
571,1,2,1,1,1,0,3
572,1,1,0,1,3,2,3
573,1,1,1,1,1,0,2
574,1,3,0,2,2,0,2
575,0,3,1,1,1,0,1
576,0,3,1,1,1,0,1
577,1,2,0,1,2,0,2
578,1,1,0,1,3,1,2
579,0,3,0,3,3,1,2
580,1,3,1,1,1,0,2
581,1,2,0,1,2,2,1
582,1,1,0,3,3,2,2
583,0,2,1,1,1,0,3
584,0,1,1,3,1,0,2
585,0,3,1,3,1,0,2
586,1,1,0,1,2,2,1
587,0,2,1,1,1,0,2
588,1,1,1,3,1,2,3
589,0,3,1,1,1,0,1
590,0,3,1,1,1,0,2
591,0,3,1,1,1,0,2
592,1,1,0,3,3,1,3
593,0,3,1,1,1,0,2
594,0,3,0,2,2,2,2
595,0,2,1,1,1,1,2
596,0,3,1,1,1,2,2
597,1,2,0,1,2,0,2
598,0,3,1,1,1,0,2
599,0,3,1,3,1,0,2
600,1,1,1,3,17,1,2
601,1,2,0,1,3,3,1
602,0,3,1,1,1,0,2
603,0,1,1,1,1,0,2
604,0,3,1,1,1,0,2
605,1,1,1,3,1,0,2
606,0,3,1,1,1,1,2
607,0,3,1,1,1,0,2
608,1,1,1,1,1,0,2
609,1,2,0,3,3,3,1
610,1,1,0,1,2,0,2
611,0,3,0,1,3,6,2
612,0,3,1,1,1,0,2
613,1,3,0,2,2,1,2
614,0,3,1,2,1,0,2
615,0,3,1,1,1,0,2
616,1,2,0,1,2,3,1
617,0,3,1,1,1,2,2
618,0,3,0,1,3,1,2
619,1,2,0,1,2,3,1
620,0,2,1,1,1,0,2
621,0,3,1,3,1,1,2
622,1,1,1,1,1,1,2
623,1,3,1,3,1,2,1
624,0,3,1,1,1,0,1
625,0,3,1,1,1,0,1
626,0,1,1,1,1,0,3
627,0,2,1,2,6,0,3
628,1,1,0,1,2,0,1
629,0,3,1,1,1,0,2
630,0,3,1,2,1,0,2
631,1,1,1,1,1,0,4
632,0,3,1,1,1,0,3
633,1,1,1,3,5,0,2
634,0,1,1,1,1,0,2
635,0,3,0,1,2,5,1
636,1,2,0,1,2,0,2
637,0,3,1,1,1,0,2
638,0,2,1,1,1,2,2
639,0,3,0,1,3,5,2
640,0,3,1,1,1,1,2
641,0,3,1,1,1,0,1
642,1,1,0,3,8,0,1
643,0,3,0,1,2,5,1
644,1,3,1,1,1,0,2
645,1,3,0,3,2,3,1
646,1,1,1,3,1,1,2
647,0,3,1,1,1,0,1
648,1,1,1,3,7,0,3
649,0,3,1,1,1,0,2
650,1,3,0,1,2,0,1
651,0,3,1,1,1,0,2
652,1,2,0,1,2,1,1
653,0,3,1,1,1,0,1
654,1,3,0,2,2,0,2
655,0,3,0,2,2,0,1
656,0,2,1,1,1,2,1
657,0,3,1,1,1,0,2
658,0,3,0,2,3,2,2
659,0,2,1,1,1,0,1
660,0,1,1,3,1,2,3
661,1,1,1,1,5,2,2
662,0,3,1,3,1,0,2
663,0,1,1,1,1,0,2
664,0,3,1,1,1,0,2
665,1,3,1,1,1,1,1
666,0,2,1,1,1,2,2
667,0,2,1,1,1,0,1
668,0,3,1,1,1,0,2
669,0,3,1,1,1,0,2
670,1,1,0,1,3,1,2
671,1,2,0,1,3,2,2
672,0,1,1,1,1,1,2
673,0,2,1,1,1,0,3
674,1,2,1,1,1,0,2
675,0,2,1,1,1,0,2
676,0,3,1,1,1,0,1
677,0,3,1,1,1,0,1
678,1,3,0,1,2,0,1
679,0,3,0,1,3,7,2
680,1,1,1,3,1,1,2
681,0,3,0,2,2,0,2
682,1,1,1,3,1,0,2
683,0,3,1,1,1,0,1
684,0,3,1,1,1,7,1
685,0,2,1,1,1,2,3
686,0,2,1,3,1,3,1
687,0,3,1,1,1,5,1
688,0,3,1,1,1,0,1
689,0,3,1,1,1,0,1
690,1,1,0,1,2,1,1
691,1,1,1,1,1,1,2
692,1,3,0,3,2,1,1
693,1,3,1,1,1,0,2
694,0,3,1,3,1,0,1
695,0,1,1,1,7,0,3
696,0,2,1,1,1,0,3
697,0,3,1,1,1,0,2
698,1,3,0,2,2,0,2
699,0,1,1,3,1,2,2
700,0,3,1,1,1,0,2
701,1,1,0,3,3,1,1
702,1,1,1,1,1,0,2
703,0,3,0,3,2,1,1
704,0,3,1,2,1,0,1
705,0,3,1,1,1,1,2
706,0,2,1,1,1,0,2
707,1,2,0,1,3,0,2
708,1,1,1,1,1,0,2
709,1,1,0,1,2,0,1
710,1,3,1,3,4,2,2
711,1,1,0,3,8,0,1
712,0,1,1,1,1,0,2
713,1,1,1,1,1,1,2
714,0,3,1,1,1,0,2
715,0,2,1,1,1,0,3
716,0,3,1,1,1,0,1
717,1,1,0,3,2,0,2
718,1,2,0,1,2,0,2
719,0,3,1,2,1,0,2
720,0,3,1,1,1,0,2
721,1,2,0,1,2,1,1
722,0,3,1,1,1,1,1
723,0,2,1,1,1,0,2
724,0,2,1,1,1,0,2
725,1,1,1,1,1,1,2
726,0,3,1,1,1,0,1
727,1,2,0,1,3,3,2
728,1,3,0,2,2,0,2
729,0,2,1,1,1,1,1
730,0,3,0,1,2,1,1
731,1,1,0,1,2,0,2
732,0,3,1,3,1,0,1
733,0,2,1,1,1,0,2
734,0,2,1,1,1,0,1
735,0,2,1,1,1,0,1
736,0,3,1,1,1,0,2
737,0,3,0,1,3,4,2
738,1,1,1,3,1,0,2
739,0,3,1,1,1,0,2
740,0,3,1,1,1,0,2
741,1,1,1,1,1,0,2
742,0,1,1,1,1,1,2
743,1,1,0,3,2,4,1
744,0,3,1,1,1,1,1
745,1,3,1,1,1,0,2
746,0,1,1,1,16,2,3
747,0,3,1,1,1,2,1
748,1,2,0,1,2,0,2
749,0,1,1,1,1,1,1
750,0,3,1,2,1,0,2
751,1,2,0,1,2,2,1
752,1,3,1,1,4,1,1
753,0,3,1,1,1,0,2
754,0,3,1,1,1,0,1
755,1,2,0,1,3,3,2
756,1,2,1,1,4,2,1
757,0,3,1,1,1,0,2
758,0,2,1,1,1,0,1
759,0,3,1,1,1,0,2
760,1,1,0,1,9,0,2
761,0,3,1,1,1,0,2
762,0,3,1,1,1,0,2
763,1,3,1,3,1,0,1
764,1,1,0,1,3,3,2
765,0,3,1,1,1,0,1
766,1,1,0,1,3,1,3
767,0,1,1,3,5,0,2
768,0,3,0,2,2,0,2
769,0,3,1,2,1,1,2
770,0,3,1,1,1,0,2
771,0,3,1,1,1,0,1
772,0,3,1,1,1,0,2
773,0,2,0,1,3,0,3
774,0,3,1,3,1,0,2
775,1,2,0,1,3,4,3
776,0,3,1,1,1,0,1
777,0,3,1,2,1,0,2
778,1,3,0,1,2,0,1
779,0,3,1,2,1,0,2
780,1,1,0,1,3,1,2
781,1,3,0,3,2,0,1
782,1,1,0,1,3,1,1
783,0,1,1,1,1,0,2
784,0,3,1,1,1,3,2
785,0,3,1,1,1,0,1
786,0,3,1,1,1,0,1
787,1,3,0,1,2,0,1
788,0,3,1,2,4,5,1
789,1,3,1,1,4,3,1
790,0,1,1,3,1,0,2
791,0,3,1,2,1,0,2
792,0,2,1,1,1,0,1
793,0,3,0,1,2,10,2
794,0,1,1,3,1,0,2
795,0,3,1,1,1,0,1
796,0,2,1,1,1,0,2
797,1,1,0,1,5,0,2
798,1,3,0,1,3,0,2
799,0,3,1,3,1,0,2
800,0,3,0,1,3,2,2
801,0,2,1,1,1,0,2
802,1,2,0,1,3,2,2
803,1,1,1,1,4,3,1
804,1,3,1,3,4,1,1
805,1,3,1,1,1,0,2
806,0,3,1,1,1,0,2
807,0,1,1,1,1,0,2
808,0,3,0,1,2,0,1
809,0,2,1,1,1,0,2
810,1,1,0,1,3,1,2
811,0,3,1,1,1,0,2
812,0,3,1,1,1,0,2
813,0,2,1,1,1,0,2
814,0,3,0,1,2,6,1
815,0,3,1,1,1,0,2
816,0,1,1,1,1,0,2
817,0,3,0,1,2,0,1
818,0,2,1,3,1,2,2
819,0,3,1,1,1,0,2
820,0,3,1,1,4,5,1
821,1,1,0,1,3,2,3
822,1,3,1,1,1,0,2
823,0,1,1,1,12,0,2
824,1,3,0,1,3,1,2
825,0,3,1,1,4,5,1
826,0,3,1,2,1,0,2
827,0,3,1,1,1,0,2
828,1,2,1,3,4,2,1
829,1,3,1,2,1,0,2
830,1,1,0,1,3,0,3
831,1,3,0,3,3,1,1
832,1,2,1,1,4,2,1
833,0,3,1,3,1,0,2
834,0,3,1,1,1,0,1
835,0,3,1,1,1,0,1
836,1,1,0,3,2,2,2
837,0,3,1,1,1,0,1
838,0,3,1,1,1,0,2
839,1,3,1,1,1,0,2
840,1,1,1,3,1,0,2
841,0,3,1,1,1,0,1
842,0,2,1,1,1,0,1
843,1,1,0,3,2,0,2
844,0,3,1,3,1,0,2
845,0,3,1,1,1,0,1
846,0,3,1,1,1,0,2
847,0,3,1,1,1,10,2
848,0,3,1,3,1,0,2
849,0,2,1,1,6,1,2
850,1,1,0,3,3,1,2
851,0,3,1,1,4,6,1
852,0,3,1,1,1,0,3
853,0,3,0,3,2,2,1
854,1,1,0,1,2,1,1
855,0,2,0,1,3,1,2
856,1,3,0,1,3,1,1
857,1,1,0,1,3,2,2
858,1,1,1,1,1,0,3
859,1,3,0,3,3,3,1
860,0,3,1,3,1,0,2
861,0,3,1,1,1,2,2
862,0,2,1,1,1,1,1
863,1,1,0,1,3,0,2
864,0,3,0,1,2,10,2
865,0,2,1,1,1,0,1
866,1,2,0,1,3,0,2
867,1,2,0,3,2,1,2
868,0,1,1,1,1,0,2
869,0,3,1,1,1,0,2
870,1,3,1,1,4,2,1
871,0,3,1,1,1,0,2
872,1,1,0,1,3,2,2
873,0,1,1,1,1,0,2
874,0,3,1,1,1,0,2
875,1,2,0,3,3,1,2
876,1,3,0,3,2,0,1
877,0,3,1,1,1,0,1
878,0,3,1,1,1,0,1
879,0,3,1,1,1,0,2
880,1,1,0,3,3,1,3
881,1,2,0,1,3,1,1
882,0,3,1,1,1,0,2
883,0,3,0,1,2,0,1
884,0,2,1,1,1,0,2
885,0,3,1,1,1,0,1
886,0,3,0,2,3,5,2
887,0,2,1,1,6,0,2
888,1,1,0,1,2,0,1
889,0,3,0,1,2,3,2
890,1,1,1,3,1,0,2
891,0,3,1,2,1,0,2
